insert into category (id,name,description,parent_category_id) values (1,'AGD','Sprzęt gospodarstwa domowego',NULL), (2,'Komputery','Komputery stacjonarne, laptopy, części, peryferia i akcesoria',NULL);

insert into category (id,name,description,parent_category_id) values (3,'Pralki','Pralki',1), (4,'Lodówki','Lodówki wolnostojące i do zabudowy',1),(5,'Kuchenki','Kuchenki wolnostojące i do zabudowy',1),(6,'Komputery stacjonarne','Komputery stacjonarne',2), (7,'Laptopy','Laptopy',2);

insert into location (id,apartment_nr,building_nr,country,postal_code,state,street,town) values (1,10,32,'PL','31-156','małopolskie','Basztowa','Kraków'), (2,null,256,'PL','32-980','małopolskie',null,'Zielonka'), (3,22,44,'PL','51-002','wielkopolskie','Paderewskiego','Poznań'),(4,113,25,'UK','PO2 7QS','Portsmouth','New Road','Portsmouth');

insert into account (id,created_at,email,nick,status,type,location_id,password,first_name,last_name) values (1,CURRENT_TIMESTAMP,'janusz@wp.pl','JanuszZKrakowa',0,0,1,'$2a$10$Xbon.mGzMfSSx2oj5QHxHulyL8wEVc3N1qr1wOsa76VCfHmJ.Dcya','Janusz','Krakowski'), (2,CURRENT_TIMESTAMP,'kuku@onet.pl','Zielonkanin',0,0,2,'$2a$10$WwcAftWU3XpqzcfT1ZNsceZjUvS33nGwCkPsOuvr9f3MPs0gFRCQW','Tymon','Zielonkowski'),(3,CURRENT_TIMESTAMP,'poznan@poznan.pl','CoolBuddy',0,1,3,'$2a$10$iuHSoVd1leOK98cqH387oe7wT2tYmM9yW224FiuQuAcNs/gWaaPsW','Pyra','Wielkopolska'),(4,CURRENT_TIMESTAMP,'john.doe@example.com','teddy_bear',0,0,4,'$2a$10$NK1B6TlJrXm.39up57mGoOe5KAs10PP2pPSohsRL/RCVAXBH.wY7q','John','Doe');

insert into auction (id, BUY_NOW_PRICE, CREATED_AT, DESCRIPTION, EXPIRES_AT, IS_PROMOTED, MINIMAL_PRICE, TITLE,CATEGORY_ID, ACCOUNT_ID,IS_ACTIVE) values (1,150,CURRENT_TIMESTAMP,'Lorem ipsum dolor sit amet enim. Etiam ullamcorper. Suspendisse a pellentesque dui, non felis. Maecenas malesuada elit lectus felis, malesuada ultricies. Curabitur et ligula. Ut molestie a, ultricies porta urna. Vestibulum commodo volutpat a, convallis ac, laoreet enim. Phasellus fermentum in, dolor. Pellentesque facilisis. Nulla imperdiet sit amet magna. Vestibulum dapibus, mauris nec malesuada fames ac turpis velit, rhoncus eu, luctus et interdum adipiscing wisi. Aliquam erat ac ipsum. Integer aliquam purus. Quisque lorem tortor fringilla sed, vestibulum id, eleifend justo vel bibendum sapien massa ac turpis faucibus orci luctus non, consectetuer lobortis quis, varius in, purus. Integer ultrices posuere cubilia Curae, Nulla ipsum dolor lacus, suscipit adipiscing. Sed vel lectus. Ut sagittis, ipsum dolor quam.','2019-03-31 14:18:01',false,100,'Okazja - wspaniała pralka Frania do remontu!',3,1,true),(2,3000,CURRENT_TIMESTAMP,'Lorem ipsum dolor sit amet enim. Etiam ullamcorper. Suspendisse a pellentesque dui, non felis.Siuba duba HEJ!, ultricies porta urna. Vestibulum commodo volutpat a, convallis ac, laoreet enim. Phasellus fermentum in, dolor. Pellentesque facilisis. Nulla imperdiet sit amet magna. Vestibulum dapibus, mauris nec malesuada fames ac turpis velit, rhoncus eu, luctus et interdum adipiscing wisi. Aliquam erat ac ipsum. Integer aliquam purus. Quisque lorem tortor fringilla sed, vestibulum id, eleifend justo vel bibendum sapien massa ac turpis faucibus orci luctus non, consectetuer lobortis quis, varius in, purus. Integer ultrices posuere cubilia Curae, Nulla ipsum dolor lacus, suscipit adipiscing. Sed vel lectus. Ut sagittis, ipsum dolor quam.','2019-04-29 20:18:01',false,2800,'Rewelacyjna złota pralka Rolls-Royce dla konesera!',3,1,true),(3,20,CURRENT_TIMESTAMP,'Litwo! Ojczyzno moja! Ty jesteś jak zdrowie. Ile cię stracił. Dziś człowieka rodu, obyczajów! Dość, że pewnie na kształt śniegu, Ślad wyraźny, lecz lekki. odgadniesz, że spudłuje. szarak, gracz nie widział, bo tak piękny chart z flinty strzelać albo szablą robić. Wiedział, że ją wszyscy poszli za sznurek by nie.','2019-04-29 20:18:01',false,20,'Dla oszczędnych! Komputer bez dysku, płyty głównej i obudowy',6,2,true),(4,20,CURRENT_TIMESTAMP,'Litwo! Ojczyzno moja! Ty jesteś jak zdrowie. Ile cię stracił. Dziś człowieka rodu, obyczajów! Dość, że pewnie na kształt śniegu, Ślad wyraźny, lecz lekki. odgadniesz, że spudłuje. szarak, gracz nie widział, bo tak piękny chart z flinty strzelać albo szablą robić. Wiedział, że ją wszyscy poszli za sznurek by nie.','2019-04-29 20:18:01',false,20,'Dla oszczędnych! Komputer bez dysku, płyty głównej i obudowy',6,2,false),(5,20,CURRENT_TIMESTAMP,'Litwo! Ojczyzno moja! Ty jesteś jak zdrowie. Ile cię stracił. Dziś człowieka rodu, obyczajów! Dość, że pewnie na kształt śniegu, Ślad wyraźny, lecz lekki. odgadniesz, że spudłuje. szarak, gracz nie widział, bo tak piękny chart z flinty strzelać albo szablą robić. Wiedział, że ją wszyscy poszli za sznurek by nie.','2019-04-29 20:18:01',false,20,'Dla oszczędnych! Komputer bez dysku, płyty głównej i obudowy',6,2,true),(6,20,CURRENT_TIMESTAMP,'Litwo! Ojczyzno moja! Ty jesteś jak zdrowie. Ile cię stracił. Dziś człowieka rodu, obyczajów! Dość, że pewnie na kształt śniegu, Ślad wyraźny, lecz lekki. odgadniesz, że spudłuje. szarak, gracz nie widział, bo tak piękny chart z flinty strzelać albo szablą robić. Wiedział, że ją wszyscy poszli za sznurek by nie.','2019-04-29 20:18:01',false,20,'Dla oszczędnych! Komputer bez dysku, płyty głównej i obudowy',6,2,true),(7,20,CURRENT_TIMESTAMP,'Litwo! Ojczyzno moja! Ty jesteś jak zdrowie. Ile cię stracił. Dziś człowieka rodu, obyczajów! Dość, że pewnie na kształt śniegu, Ślad wyraźny, lecz lekki. odgadniesz, że spudłuje. szarak, gracz nie widział, bo tak piękny chart z flinty strzelać albo szablą robić. Wiedział, że ją wszyscy poszli za sznurek by nie.','2019-04-29 20:18:01',false,20,'Dla oszczędnych! Komputer bez dysku, płyty głównej i obudowy',6,2,true),(8,20,CURRENT_TIMESTAMP,'Litwo! Ojczyzno moja! Ty jesteś jak zdrowie. Ile cię stracił. Dziś człowieka rodu, obyczajów! Dość, że pewnie na kształt śniegu, Ślad wyraźny, lecz lekki. odgadniesz, że spudłuje. szarak, gracz nie widział, bo tak piękny chart z flinty strzelać albo szablą robić. Wiedział, że ją wszyscy poszli za sznurek by nie.','2019-04-29 20:18:01',false,20,'Dla oszczędnych! Komputer bez dysku, płyty głównej i obudowy',6,2,false),(9,20,CURRENT_TIMESTAMP,'Litwo! Ojczyzno moja! Ty jesteś jak zdrowie. Ile cię stracił. Dziś człowieka rodu, obyczajów! Dość, że pewnie na kształt śniegu, Ślad wyraźny, lecz lekki. odgadniesz, że spudłuje. szarak, gracz nie widział, bo tak piękny chart z flinty strzelać albo szablą robić. Wiedział, że ją wszyscy poszli za sznurek by nie.','2019-04-29 20:18:01',false,20,'Dla oszczędnych! Komputer bez dysku, płyty głównej i obudowy',6,2,true),(10,20,CURRENT_TIMESTAMP,'Litwo! Ojczyzno moja! Ty jesteś jak zdrowie. Ile cię stracił. Dziś człowieka rodu, obyczajów! Dość, że pewnie na kształt śniegu, Ślad wyraźny, lecz lekki. odgadniesz, że spudłuje. szarak, gracz nie widział, bo tak piękny chart z flinty strzelać albo szablą robić. Wiedział, że ją wszyscy poszli za sznurek by nie.','2019-04-29 20:18:01',false,20,'Dla oszczędnych! Komputer bez dysku, płyty głównej i obudowy',6,2,true),(11,20,CURRENT_TIMESTAMP,'Litwo! Ojczyzno moja! Ty jesteś jak zdrowie. Ile cię stracił. Dziś człowieka rodu, obyczajów! Dość, że pewnie na kształt śniegu, Ślad wyraźny, lecz lekki. odgadniesz, że spudłuje. szarak, gracz nie widział, bo tak piękny chart z flinty strzelać albo szablą robić. Wiedział, że ją wszyscy poszli za sznurek by nie.','2019-04-29 20:18:01',false,20,'Dla oszczędnych! Komputer bez dysku, płyty głównej i obudowy',6,2,true),(12,20,CURRENT_TIMESTAMP,'Litwo! Ojczyzno moja! Ty jesteś jak zdrowie. Ile cię stracił. Dziś człowieka rodu, obyczajów! Dość, że pewnie na kształt śniegu, Ślad wyraźny, lecz lekki. odgadniesz, że spudłuje. szarak, gracz nie widział, bo tak piękny chart z flinty strzelać albo szablą robić. Wiedział, że ją wszyscy poszli za sznurek by nie.','2019-04-29 20:18:01',false,20,'Dla oszczędnych! Komputer bez dysku, płyty głównej i obudowy',6,2,true),(13,20,CURRENT_TIMESTAMP,'Litwo! Ojczyzno moja! Ty jesteś jak zdrowie. Ile cię stracił. Dziś człowieka rodu, obyczajów! Dość, że pewnie na kształt śniegu, Ślad wyraźny, lecz lekki. odgadniesz, że spudłuje. szarak, gracz nie widział, bo tak piękny chart z flinty strzelać albo szablą robić. Wiedział, że ją wszyscy poszli za sznurek by nie.','2019-04-29 20:18:01',false,20,'Dla oszczędnych! Komputer bez dysku, płyty głównej i obudowy',6,2,true),(14,20,CURRENT_TIMESTAMP,'Litwo! Ojczyzno moja! Ty jesteś jak zdrowie. Ile cię stracił. Dziś człowieka rodu, obyczajów! Dość, że pewnie na kształt śniegu, Ślad wyraźny, lecz lekki. odgadniesz, że spudłuje. szarak, gracz nie widział, bo tak piękny chart z flinty strzelać albo szablą robić. Wiedział, że ją wszyscy poszli za sznurek by nie.','2019-04-29 20:18:01',false,20,'Dla oszczędnych! Komputer bez dysku, płyty głównej i obudowy',6,2,true),(15,20,CURRENT_TIMESTAMP,'Litwo! Ojczyzno moja! Ty jesteś jak zdrowie. Ile cię stracił. Dziś człowieka rodu, obyczajów! Dość, że pewnie na kształt śniegu, Ślad wyraźny, lecz lekki. odgadniesz, że spudłuje. szarak, gracz nie widział, bo tak piękny chart z flinty strzelać albo szablą robić. Wiedział, że ją wszyscy poszli za sznurek by nie.','2019-04-29 20:18:01',false,20,'Dla oszczędnych! Komputer bez dysku, płyty głównej i obudowy',6,2,true),(16,20,CURRENT_TIMESTAMP,'Litwo! Ojczyzno moja! Ty jesteś jak zdrowie. Ile cię stracił. Dziś człowieka rodu, obyczajów! Dość, że pewnie na kształt śniegu, Ślad wyraźny, lecz lekki. odgadniesz, że spudłuje. szarak, gracz nie widział, bo tak piękny chart z flinty strzelać albo szablą robić. Wiedział, że ją wszyscy poszli za sznurek by nie.','2019-04-29 20:18:01',false,20,'Dla oszczędnych! Komputer bez dysku, płyty głównej i obudowy',6,2,true),(17,20,CURRENT_TIMESTAMP,'Litwo! Ojczyzno moja! Ty jesteś jak zdrowie. Ile cię stracił. Dziś człowieka rodu, obyczajów! Dość, że pewnie na kształt śniegu, Ślad wyraźny, lecz lekki. odgadniesz, że spudłuje. szarak, gracz nie widział, bo tak piękny chart z flinty strzelać albo szablą robić. Wiedział, że ją wszyscy poszli za sznurek by nie.','2019-04-29 20:18:01',false,20,'Dla oszczędnych! Komputer bez dysku, płyty głównej i obudowy',6,2,true),(18,20.5,CURRENT_TIMESTAMP,'Litwo! Ojczyzno moja! Ty jesteś jak zdrowie. Ile cię stracił. Dziś człowieka rodu, obyczajów! Dość, że pewnie na kształt śniegu, Ślad wyraźny, lecz lekki. odgadniesz, że spudłuje. szarak, gracz nie widział, bo tak piękny chart z flinty strzelać albo szablą robić. Wiedział, że ją wszyscy poszli za sznurek by nie.','2019-04-29 20:18:01',false,20,'Dla oszczędnych! Komputer bez dysku, płyty głównej i obudowy',6,2,true),(19,21,CURRENT_TIMESTAMP,'Litwo! Ojczyzno moja! Ty jesteś jak zdrowie. Ile cię stracił. Dziś człowieka rodu, obyczajów! Dość, że pewnie na kształt śniegu, Ślad wyraźny, lecz lekki. odgadniesz, że spudłuje. szarak, gracz nie widział, bo tak piękny chart z flinty strzelać albo szablą robić. Wiedział, że ją wszyscy poszli za sznurek by nie.','2019-04-29 20:18:01',false,20,'Dla oszczędnych! Komputer bez dysku, płyty głównej i obudowy',6,2,true),(20,20,CURRENT_TIMESTAMP,'Litwo! Ojczyzno moja! Ty jesteś jak zdrowie. Ile cię stracił. Dziś człowieka rodu, obyczajów! Dość, że pewnie na kształt śniegu, Ślad wyraźny, lecz lekki. odgadniesz, że spudłuje. szarak, gracz nie widział, bo tak piękny chart z flinty strzelać albo szablą robić. Wiedział, że ją wszyscy poszli za sznurek by nie.','2019-04-29 20:18:01',false,20,'Dla oszczędnych! Komputer bez dysku, płyty głównej i obudowy',6,2,true);

insert into role (id,type) values (1,'ROLE_USER'), (2,'ROLE_ADMIN');

insert into account_roles (accounts_id,roles_id) values (1,1),(2,1),(3,1),(4,1);

-- update auction set image_type='JPG' where id in (5,18,16);

-- 7 + 4 + 4 + 20 + 2 + 4 = 41
select nextval('hibernate_sequence');
select nextval('hibernate_sequence');
select nextval('hibernate_sequence');
select nextval('hibernate_sequence');
select nextval('hibernate_sequence');
select nextval('hibernate_sequence');
select nextval('hibernate_sequence');
select nextval('hibernate_sequence');
select nextval('hibernate_sequence');
select nextval('hibernate_sequence');

select nextval('hibernate_sequence');
select nextval('hibernate_sequence');
select nextval('hibernate_sequence');
select nextval('hibernate_sequence');
select nextval('hibernate_sequence');
select nextval('hibernate_sequence');
select nextval('hibernate_sequence');
select nextval('hibernate_sequence');
select nextval('hibernate_sequence');
select nextval('hibernate_sequence');

select nextval('hibernate_sequence');
select nextval('hibernate_sequence');
select nextval('hibernate_sequence');
select nextval('hibernate_sequence');
select nextval('hibernate_sequence');
select nextval('hibernate_sequence');
select nextval('hibernate_sequence');
select nextval('hibernate_sequence');
select nextval('hibernate_sequence');
select nextval('hibernate_sequence');

select nextval('hibernate_sequence');
select nextval('hibernate_sequence');
select nextval('hibernate_sequence');
select nextval('hibernate_sequence');
select nextval('hibernate_sequence');
select nextval('hibernate_sequence');
select nextval('hibernate_sequence');
select nextval('hibernate_sequence');
select nextval('hibernate_sequence');
select nextval('hibernate_sequence');

select nextval('hibernate_sequence');
select nextval('hibernate_sequence');
select nextval('hibernate_sequence');
select nextval('hibernate_sequence');
select nextval('hibernate_sequence');
select nextval('hibernate_sequence');
select nextval('hibernate_sequence');
select nextval('hibernate_sequence');
select nextval('hibernate_sequence');
select nextval('hibernate_sequence');
-- 50